-- phpMyAdmin SQL Dump
-- version 5.2.1
-- https://www.phpmyadmin.net/
--
-- Host: 127.0.0.1
-- Generation Time: Feb 29, 2024 at 07:49 AM
-- Server version: 10.4.28-MariaDB
-- PHP Version: 8.2.4

SET SQL_MODE = "NO_AUTO_VALUE_ON_ZERO";
START TRANSACTION;
SET time_zone = "+00:00";


/*!40101 SET @OLD_CHARACTER_SET_CLIENT=@@CHARACTER_SET_CLIENT */;
/*!40101 SET @OLD_CHARACTER_SET_RESULTS=@@CHARACTER_SET_RESULTS */;
/*!40101 SET @OLD_COLLATION_CONNECTION=@@COLLATION_CONNECTION */;
/*!40101 SET NAMES utf8mb4 */;

--
-- Database: `kasir`
--

-- --------------------------------------------------------

--
-- Table structure for table `detailpenjualan`
--

CREATE TABLE `detailpenjualan` (
  `DetailID` int(11) NOT NULL,
  `PenjualanID` int(11) NOT NULL,
  `ProdukID` int(11) NOT NULL,
  `JumlahProduk` int(11) NOT NULL,
  `Subtotal` decimal(10,2) NOT NULL
) ENGINE=InnoDB DEFAULT CHARSET=utf8mb4 COLLATE=utf8mb4_general_ci;

--
-- Dumping data for table `detailpenjualan`
--

INSERT INTO `detailpenjualan` (`DetailID`, `PenjualanID`, `ProdukID`, `JumlahProduk`, `Subtotal`) VALUES
(914001, 437001, 1, 2, 50000.00),
(914002, 437001, 5, 1, 7000.00),
(914003, 437002, 5, 2, 14000.00),
(914004, 437003, 1, 9, 225000.00),
(914005, 437004, 1, 3, 75000.00),
(914006, 437005, 2, 1, 5000.00),
(914007, 437005, 3, 2, 10000.00),
(914008, 437006, 5, 2, 14000.00),
(914010, 437006, 3, 1, 5000.00),
(914012, 437007, 3, 1, 5000.00),
(914013, 437008, 2, 1, 5000.00),
(914014, 437009, 6, 1, 7000.00),
(914015, 437009, 3, 1, 5000.00);

-- --------------------------------------------------------

--
-- Table structure for table `pelanggan`
--

CREATE TABLE `pelanggan` (
  `PelangganID` int(11) NOT NULL,
  `NamaPelanggan` varchar(255) NOT NULL,
  `Alamat` text NOT NULL,
  `NomorTelepon` varchar(15) NOT NULL
) ENGINE=InnoDB DEFAULT CHARSET=utf8mb4 COLLATE=utf8mb4_general_ci;

--
-- Dumping data for table `pelanggan`
--

INSERT INTO `pelanggan` (`PelangganID`, `NamaPelanggan`, `Alamat`, `NomorTelepon`) VALUES
(194001, 'tes', '', ''),
(194002, 'Haci', '', ''),
(194003, 'Ichsan', '', ''),
(194004, 'Pandu', '', ''),
(194005, 'beler', '', ''),
(194006, 'Yanto', '', ''),
(194007, 'sasa', '', ''),
(194008, 'pembeli', '', ''),
(194009, 'Paul', '', '');

-- --------------------------------------------------------

--
-- Table structure for table `penjualan`
--

CREATE TABLE `penjualan` (
  `PenjualanID` int(11) NOT NULL,
  `TanggalPenjualan` date NOT NULL,
  `TotalHarga` decimal(10,2) NOT NULL,
  `PelangganID` int(11) NOT NULL
) ENGINE=InnoDB DEFAULT CHARSET=utf8mb4 COLLATE=utf8mb4_general_ci;

--
-- Dumping data for table `penjualan`
--

INSERT INTO `penjualan` (`PenjualanID`, `TanggalPenjualan`, `TotalHarga`, `PelangganID`) VALUES
(437001, '2024-02-28', 57000.00, 194001),
(437002, '2024-02-28', 14000.00, 194002),
(437003, '2024-02-28', 225000.00, 194003),
(437004, '2024-02-28', 75000.00, 194004),
(437005, '2024-02-28', 15000.00, 194005),
(437006, '2024-02-28', 19000.00, 194006),
(437007, '2024-02-28', 5000.00, 194007),
(437008, '2024-02-28', 5000.00, 194008),
(437009, '2024-02-28', 12000.00, 194009);

-- --------------------------------------------------------

--
-- Table structure for table `produk`
--

CREATE TABLE `produk` (
  `ProdukID` int(11) NOT NULL,
  `NamaProduk` varchar(255) NOT NULL,
  `Harga` decimal(10,2) NOT NULL,
  `Stok` int(11) NOT NULL,
  `foto` text NOT NULL
) ENGINE=InnoDB DEFAULT CHARSET=utf8mb4 COLLATE=utf8mb4_general_ci;

--
-- Dumping data for table `produk`
--

INSERT INTO `produk` (`ProdukID`, `NamaProduk`, `Harga`, `Stok`, `foto`) VALUES
(2, 'Lemon Tea', 5000.00, 11, '1994781198_2.jpg'),
(3, 'Jus Alpukat', 5000.00, 6, '127621902_5.jpg'),
(6, 'Makaroni Pedas', 7000.00, 49, '1199047374_3.jpg');

-- --------------------------------------------------------

--
-- Table structure for table `user`
--

CREATE TABLE `user` (
  `UserID` int(11) NOT NULL,
  `NamaUser` varchar(255) NOT NULL,
  `Password` varchar(255) NOT NULL,
  `level` enum('Administrator','Petugas') NOT NULL
) ENGINE=InnoDB DEFAULT CHARSET=utf8mb4 COLLATE=utf8mb4_general_ci;

--
-- Dumping data for table `user`
--

INSERT INTO `user` (`UserID`, `NamaUser`, `Password`, `level`) VALUES
(1, 'petugas2', 'afb91ef692fd08c445e8cb1bab2ccf9c', 'Petugas'),
(2, 'admin1', '202cb962ac59075b964b07152d234b70', 'Administrator'),
(4, 'petugas', 'afb91ef692fd08c445e8cb1bab2ccf9c', 'Petugas');

--
-- Indexes for dumped tables
--

--
-- Indexes for table `detailpenjualan`
--
ALTER TABLE `detailpenjualan`
  ADD PRIMARY KEY (`DetailID`),
  ADD KEY `PenjualanID` (`PenjualanID`),
  ADD KEY `ProdukID` (`ProdukID`);

--
-- Indexes for table `pelanggan`
--
ALTER TABLE `pelanggan`
  ADD PRIMARY KEY (`PelangganID`);

--
-- Indexes for table `penjualan`
--
ALTER TABLE `penjualan`
  ADD PRIMARY KEY (`PenjualanID`),
  ADD KEY `PelangganID` (`PelangganID`);

--
-- Indexes for table `produk`
--
ALTER TABLE `produk`
  ADD PRIMARY KEY (`ProdukID`);

--
-- Indexes for table `user`
--
ALTER TABLE `user`
  ADD PRIMARY KEY (`UserID`);
COMMIT;

/*!40101 SET CHARACTER_SET_CLIENT=@OLD_CHARACTER_SET_CLIENT */;
/*!40101 SET CHARACTER_SET_RESULTS=@OLD_CHARACTER_SET_RESULTS */;
/*!40101 SET COLLATION_CONNECTION=@OLD_COLLATION_CONNECTION */;
